{
	"display": {
		"icon": {
			"id": "minecraft:raw_iron_block"
		},
		"title": {
			"translate": "rotb.advancements.root.title",
			"fallback": "Smelting blocks 101"
		},
		"description": {
			"translate": "rotb.advancements.root.desc",
			"fallback": "Install ROtB datapack",
			"color": "gold"
		},
		"background": "minecraft:gui/advancements/backgrounds/stone",
		"frame": "task",
		"show_toast": false,
		"announce_to_chat": false,
		"hidden": false
	},
	"criteria": {
		"tick": {
			"trigger": "minecraft:tick"
		}
	},
	"requirements": [
		[
			"tick"
		]
	]
}