{
  "type": "minecraft:smoking",
  "category": "misc",
  "cookingtime": 50,
  "experience": 0.1,
  "ingredient": [
   "minecraft:iron_pickaxe",
   "minecraft:iron_shovel",
   "minecraft:iron_axe",
   "minecraft:iron_hoe",
   "minecraft:iron_sword",
   "minecraft:iron_helmet",
   "minecraft:iron_chestplate",
   "minecraft:iron_leggings",
   "minecraft:iron_boots",
   "minecraft:iron_horse_armor",
   "minecraft:chainmail_helmet",
   "minecraft:chainmail_chestplate",
   "minecraft:chainmail_leggings",
   "minecraft:chainmail_boots"
  ],
  "result": {
	"id": "minecraft:iron_nugget"
  }
}